review_id,review_date,rating,review_text,source,product
1,2026-09-18,2,"App is slow and hanging",Google Play,Groww
2,2026-08-18,1,"Your app gets stuck far too often during trade execution, which caused me a loss in my trade",Google Play,Groww
3,2026-09-09,3,"Whenever I want to redeem money, processing speed is slow. Takes around five days",Google Play,Groww
4,2026-07-14,1,"Worst app for traders, server very slow",Google Play,Groww
5,2026-07-16,4,"Best app, but can't increase SIP money instantly",Google Play,Groww
6,2026-07-05,3,"Support is slower at busy times",Google Play,Groww
7,2026-07-12,3,"App feels less polished lately",Google Play,Groww
8,2026-08-22,2,"Redemption taking way too long, 6 days now",Reddit,Groww
9,2026-09-01,1,"Server down again during market open",Twitter,Groww
10,2026-09-05,2,"Groww support not responding to my redemption query",Twitter,Groww
11,2026-07-28,3,"App keeps hanging on the chart view",Reddit,Groww
12,2026-08-10,2,"SIP failed but money deducted from bank",Reddit,Groww
13,2026-08-15,1,"Worst experience with redemption, no updates",Twitter,Groww
14,2026-09-20,2,"App freezes during trade execution",Google Play,Groww
15,2026-09-22,1,"Unable to place order during peak volatility",Google Play,Groww
16,2026-09-18,2,"I've been using this App for 3years and I do not have any complain on other things but from yesterday the App start working slow and I thought it was my device but even if I cleared up the space for it there was still hanging and I almost lost from my trading..apart from hanging I do not have any complain,it was beginner friendly and easy to enter and exit.",Google Play,Groww
17,2026-08-18,1,"Your app gets stuck far too often at the time of trade execution, and even after setting a profit/loss limit, the order does not get executed automatically. I have incurred losses so many times because of this issue, especially while trying to book profits, that I am extremely frustrated. At this point, I honestly feel like approaching the Consumer court.",Google Play,Groww
18,2026-09-09,3,"I've been using this app for two years. Everything's working fine, but its processing speed is very slow and needs some adjustments. Whenever I want to redeem money, it takes five days for the money to be credited. Change this a bit, Groove! Only then can you increase your customer base. Reduce the redemption time from five days to two days.",Google Play,Groww
19,2026-09-01,5,"Ive been using Groww for a while now, and honestly, its one of the easiest investing apps Ive come across. The interface is super clean and not confusing at all, which really helped me when I was just starting out with mutual funds and stocks.What I like most is how straightforward everything feels — from KYC to making your first investment, the whole process is smooth and doesnt feel overwhelming. The app also provides basic explanations and insights, which are useful if you’re still learning the ropes.That said, theres still room for improvement. Sometimes the app can lag a bit during peak market hours, and I wish they had more advanced tools for experienced investors. But for beginners and even intermediate users, it does the job really well.Overall, Groww is a solid choice if you want a no-nonsense, user-friendly platform to start your investment journey without getting lost in complicated features.",App Store,Groww
20,2026-08-15,1,"I had 15k added to my wallet. And I saved it there cause I was unable to set up autopay. And later next month, I withdrew 5000 from the wallet. It said it will take 3-5 working days. I noticed the wallet balance was 10k. I waited patiently for 7 working days. No money was sent to my account. I immediately contacted the customer care. THEWORST CUSTOMER SERVICE TEAM I EVER CAME ACROSS. I explained them everything in detail and they promised me they will find a solution to my problem. Next day I got a mail from the team that the 10k in my account was transferred to my account and that the transaction is complete. I was in complete shock. The 5k I withdrew, didn’t touch my account. It was a painful journey from there. After writing several emails, I lost my cool. These guys were so stubborn and claimed that the money is sent to my account. I cried, cussed and begged for help. Still the response was the same. I had to let go of 5000 INR. Guys, trust me, this app is fraud. And don’t trust the rating. It’s not true. If you are someone who value money, don’t use this app. It’s a scam.",App Store,Groww
21,2026-07-20,5,"I began my stock market investment journey and SIPs with the Groww trading app in 2023, and it has been a great experience so far. As a beginner, I found the app extremely user-friendly and easy to understand. The clean interface, simple navigation, and clear explanations made investing feel less intimidating.Starting SIPs and investing in stocks was smooth, and tracking my portfolio has been very convenient. Over time, I have been able to accumulate funds consistently, and I’m really happy to see that my investments are growing steadily. The app provides helpful insights and updates that keep me informed about my investments.Overall, Groww is a reliable and beginner-friendly app for anyone who wants to start their investment journey with confidence. I’m satisfied with my experience and happy with the progress of my funds.",App Store,Groww
22,2026-08-10,2,"The app is good and user friendly but it has a major issue of closing up positions in trading.I do think know if this happens to other people but many times when i try to exit my position, it won’t exit.I do everything right, my strategy, stop loss, target, but when i reach my target and try to manually exit the position, it won’t exit, and no this is not always the case as sometimes the entry and exit are instant but in a high volume stock where there is so many shares and noise all over, the position becomes glitchy And it didn’t bothered me that much until today, i tried to exit my position at a profit of Rs240, which is not a lot for many of you, but for me with a 3k total capital in my account balance, THIS HURT, as my 240 profit turned into 23. I had to cancel the order because i panicked as the taxes and brokerage would eat up 40-50 rupees, so yeah i made a loss after trying to exit at 240 profit Now tell me, if a person like me who is trying to learn trading with a limited capital gets a 240 profit on a 3k account but then the app decides to slap his face, how would you guys feel.",App Store,Groww
23,2026-07-05,2,"I saw this app on the phone of a colleague and decided to download it as the UI looked clean and the options & calculators looked helpful. However, I encountered the same problem as any other Indian app which being, they rush to collect user data and get people to sign up without giving necessary information in the beginning. Main issue being, I am an NRI living in India currently and apparently this app doesn’t support NRI investing at the moment. This pop up - not really a pop up, it’s a small foot note which could have been easily missed or overlooked - only came after the app collected pretty much all KYC info like my PAN, email, phone number, Aadhar and now I am stuck at the signature screen. The most frustrating part is, there is no option to cancel the registration and delete my personal data or go back to main screen. I would be thankful if the developers can come up with a solution for this.",App Store,Groww
24,2026-08-01,1,"When I signed up, until I uploaded all the documents they kept reading me about it and once I uploaded they didn’t bother to do any KYC. But the dashboard didn’t show anything pending on my side. When I decided to checkout the app with a small amount, they waited until I transferred the money and then told me my ePAN cannot be accepted for KYC and kept my order pending. Note the NAV was around INR 27. Despite explaining on 2 calls they wouldn’t respect IT department directive that ePAN is equally valid. So I told them to refund the money, they replied we have initiated the refund and it will come back to account in 3 working days. Simultaneously another of their executive kept emailing me several times for me to email him the PAN scan. I didn’t bother to reply as my refund was in progress as per the Team Lead who spoke last. Separately 2 days later I found the PAN scan and uploaded it in the app. Now suddenly on Monday 3 days after my request for refund, I receive a note saying the money has been sent to the Mutual Fund and units will be allocated in 3 or 4 days. Finally the next day I receive a note saying I have been allocated x units @ NAV INR 29. Not only I had lost INR 2 per unit because of Groww’s mistakes and delays but also the cancellation that was initiated did not happen or they plainly lied to a customer. If this is how investors have to suffer at the hands of new age Brokers like Groww, I would rather desist from investing through such cheap apps.",App Store,Groww
25,2026-08-27,3,"best user friendly app for sure but now a days I am facing this issue of screen getting lagged means when I open the app ,the app gets opened i can see the dashboard and all but when I try to click it doesn't respond to any clicks ,by default it will be opened at stocks dashboard then when I try to click anything nothing works i can't move to another stocks.Its just the stocks page and over but the movements of Nifty at top I can see them ,it's not static .Touch it doesn't work.",Google Play,Groww
26,2026-08-25,1,"Frustrating payment loop—money stays blocked but app says failed. Zero stars for payment reliability. Whether I use bank net banking, third-party UPI, or Groww UPI, it always shows a technical error/failure screen. However, my money gets blocked or deducted every time. What is the point of low brokerage if your payment service is this poor? Please fix this sync issue between the bank and your app.",Google Play,Groww
27,2026-08-07,1,"I just noticed Groww has increased their DP charges. They don't even show it properly.",Reddit,Groww
28,2026-08-18,2,"When we have already paid for CDSL DP charges then what are Groww DP charges above brokerage?",Reddit,Groww
29,2026-08-30,2,"Groww charges seem insane for mostly delivery trades. Brokerage and DP charges especially hurt.",Reddit,Groww
30,2026-09-25,2,"I sold the stocks for 324 and how does it only show 200 and what are these external charges?",Reddit,Groww
31,2026-08-14,2,"I sold 1 share for 35.88. Charges were deducted from the amount, leaving 29.69. What happened here?",Reddit,Groww
